<?xml version="1.0" encoding="UTF-8"?>
<actions>
        <action>
            <actionName>CUSTOM-clean install</actionName>
            <displayName>clean install</displayName>
            <goals>
                <goal>clean</goal>
                <goal>install</goal>
            </goals>
        </action>
        <action>
            <actionName>CUSTOM-spring-boot:run</actionName>
            <displayName>spring-boot:run</displayName>
            <goals>
                <goal>spring-boot:run</goal>
            </goals>
        </action>
        <action>
            <actionName>CUSTOM-clean jaxws:wsimport</actionName>
            <displayName>clean jaxws:wsimport</displayName>
            <goals>
                <goal>clean</goal>
                <goal>jaxws:wsimport</goal>
            </goals>
        </action>
        <action>
            <actionName>CUSTOM-install</actionName>
            <displayName>install</displayName>
            <goals>
                <goal>install</goal>
            </goals>
        </action>
    </actions>
