<?xml version="1.0" encoding="UTF-8"?>
<configuration>
    <property name="LOG_PATH" value="/home/system/logs"/>
    <property name="APP_NAME" value="CRB"/>
    <timestamp key="currentTimestamp" datePattern="yyyy-MM-dd'_'HH"/>

    <appender name="STDOUT" class="ch.qos.logback.core.ConsoleAppender">
        <encoder>
            <pattern>
                %d{dd-MM-yyyy HH:mm:ss.SSS} %magenta([%thread]) %highlight(%-5level) %logger.%M\(%line\) - %msg%n
            </pattern>
        </encoder>
    </appender>

    <appender name="SAVE-TO-FILE"
              class="ch.qos.logback.core.rolling.RollingFileAppender">
        <file>${LOG_PATH}/${APP_NAME}/${APP_NAME}.log</file>
        <encoder class="ch.qos.logback.classic.encoder.PatternLayoutEncoder">
            <Pattern>
                %d{dd-MM-yyyy HH:mm:ss.SSS} [%thread] %-5level %logger{36}.%M - %msg%n
            </Pattern>
        </encoder>
        <rollingPolicy class="ch.qos.logback.core.rolling.SizeAndTimeBasedRollingPolicy">
            <maxFileSize>20MB</maxFileSize>
            <fileNamePattern>
                ${LOG_PATH}/${APP_NAME}/${APP_NAME}.%d{yyyy-MM-dd}.%i.log
            </fileNamePattern>
            <maxHistory>30</maxHistory>
            <totalSizeCap>1GB</totalSizeCap>
        </rollingPolicy>
    </appender>

    <root level="INFO">
        <appender-ref ref="STDOUT"/>
        <appender-ref ref="SAVE-TO-FILE"/>
    </root>
</configuration>