<SOAP-ENV:Envelope xmlns:SOAP-ENV="http://schemas.xmlsoap.org/soap/envelope/">
   <SOAP-ENV:Header/>
   <SOAP-ENV:Body>
      <ns2:DataResponse xmlns:ns2="http://cba.co.ke/Services/CreditScore">
         <ns2:statusCode>0</ns2:statusCode>
         <ns2:statusDescription>Success</ns2:statusDescription>
         <ns2:DataItems>
            <ns2:DataItem>
               <ns2:Key>custScore</ns2:Key>
               <ns2:Value>31.0</ns2:Value>
            </ns2:DataItem>
            <ns2:DataItem>
               <ns2:Key>dataAge</ns2:Key>
               <ns2:Value>78.0</ns2:Value>
            </ns2:DataItem>
            <ns2:DataItem>
               <ns2:Key>custExcludedBy</ns2:Key>
               <ns2:Value>MPESA_CREDIT_AMOUNT|NETWORK_UTILIZATION_6M|DATA_AGE|</ns2:Value>
            </ns2:DataItem>
            <ns2:DataItem>
               <ns2:Key>NEXTPMML</ns2:Key>
               <ns2:Value>NA</ns2:Value>
            </ns2:DataItem>
            <ns2:DataItem>
               <ns2:Key>mpesaRegistrationMonths</ns2:Key>
               <ns2:Value>9.0</ns2:Value>
            </ns2:DataItem>
            <ns2:DataItem>
               <ns2:Key>incomeCat</ns2:Key>
               <ns2:Value>M6</ns2:Value>
            </ns2:DataItem>
            <ns2:DataItem>
               <ns2:Key>networkAirtimeUtilization6m</ns2:Key>
               <ns2:Value>1.0</ns2:Value>
            </ns2:DataItem>
            <ns2:DataItem>
               <ns2:Key>scoreCat</ns2:Key>
               <ns2:Value>C2</ns2:Value>
            </ns2:DataItem>
            <ns2:DataItem>
               <ns2:Key>custLoanLimit</ns2:Key>
               <ns2:Value>0.0</ns2:Value>
            </ns2:DataItem>
            <ns2:DataItem>
               <ns2:Key>mpesaTurnover</ns2:Key>
               <ns2:Value>1000.0</ns2:Value>
            </ns2:DataItem>
         </ns2:DataItems>
         <ns2:InputDataItems/>
      </ns2:DataResponse>
   </SOAP-ENV:Body>
</SOAP-ENV:Envelope>